[
	{
		"name": "Declan Haley2 s",
		"email": "Cr12as.lorem.lorem@nonquam.ca"
	},
	{
		"name": "Francis Marsh",
		"email": "ne2que@arcu.edu"
	},
	{
		"name": "Gage Figueroa",
		"email": "Sed.auctor.odio@magnis.ca"
	},
	{
		"name": "Asher Gay",
		"email": "Phasellus@nonsapien.ca"
	},
	{
		"name": "Erasmus Roach",
		"email": "amet@aptent.net"
	},
	{
		"name": "Francis Johnston",
		"email": "Ut.sagittis.lobortis@Donecsollicitudin.com"
	},
	{
		"name": "Dustin Mckinney",
		"email": "velit.Quisque@liberodui.co.uk"
	},
	{
		"name": "Zane Camacho",
		"email": "et.netus@Phasellusvitae.co.uk"
	},
	{
		"name": "Murphy Larsen",
		"email": "sit.amet@felisadipiscing.com"
	},
	{
		"name": "Shad Kemp",
		"email": "justo@laoreetlectus.co.uk"
	},
	{
		"name": "Octavius Wolfe",
		"email": "sociis@aptenttacitisociosqu.org"
	},
	{
		"name": "Cooper Bell",
		"email": "Quisque@apurus.ca"
	},
	{
		"name": "Lev Mccarthy",
		"email": "diam@amet.co.uk"
	},
	{
		"name": "Arthur Mejia",
		"email": "Nulla.dignissim@urna.ca"
	},
	{
		"name": "Ferris Cameron",
		"email": "vulputate.velit@In.net"
	},
	{
		"name": "Ivor Greer",
		"email": "nisi@Nuncmauriselit.ca"
	},
	{
		"name": "Alan Church",
		"email": "et.ipsum@dolor.co.uk"
	},
	{
		"name": "Walter Berry",
		"email": "neque@lacus.edu"
	},
	{
		"name": "Hyatt Bowman",
		"email": "lobortis.ultrices@mollis.org"
	},
	{
		"name": "Acton Bradley",
		"email": "commodo.tincidunt@ut.com"
	},
	{
		"name": "Duncan Hancock",
		"email": "Donec@sem.net"
	},
	{
		"name": "Macaulay Trujillo",
		"email": "in.sodales.elit@Donec.ca"
	},
	{
		"name": "Jack Estrada",
		"email": "nibh@Quisquetinciduntpede.net"
	},
	{
		"name": "Edward Wilkerson",
		"email": "Quisque.fringilla.euismod@idliberoDonec.co.uk"
	},
	{
		"name": "Clarke Mullen",
		"email": "nunc.Quisque.ornare@leo.com"
	},
	{
		"name": "Steel Rodriquez",
		"email": "a@diam.ca"
	},
	{
		"name": "Jerome Edwards",
		"email": "tincidunt@consectetuer.net"
	},
	{
		"name": "Quentin Blevins",
		"email": "In.scelerisque@idrisus.co.uk"
	},
	{
		"name": "Maxwell Baxter",
		"email": "lacinia.mattis@erateget.ca"
	},
	{
		"name": "Beau Mcclain",
		"email": "dis.parturient@feugiatnon.co.uk"
	},
	{
		"name": "Jarrod Valenzuela",
		"email": "adipiscing@FuscefeugiatLorem.net"
	},
	{
		"name": "Grant Rosario",
		"email": "feugiat@rutrumFuscedolor.co.uk"
	},
	{
		"name": "Wade Atkinson",
		"email": "et@euerosNam.com"
	},
	{
		"name": "Ryder Lindsey",
		"email": "Quisque.fringilla.euismod@Suspendissealiquetmolestie.edu"
	},
	{
		"name": "Upton Schmidt",
		"email": "arcu.Nunc.mauris@quis.ca"
	},
	{
		"name": "Seth Tate",
		"email": "elit.a.feugiat@turpisnon.edu"
	},
	{
		"name": "Emery Shields",
		"email": "mi.Aliquam.gravida@vestibulummassarutrum.net"
	},
	{
		"name": "Slade Bolton",
		"email": "venenatis.a@fringillami.co.uk"
	},
	{
		"name": "Lucas Yates",
		"email": "purus.in@idnuncinterdum.ca"
	},
	{
		"name": "Dean Rosa",
		"email": "vulputate.ullamcorper@commodoipsum.ca"
	},
	{
		"name": "Ahmed Daniel",
		"email": "ligula@idsapien.ca"
	},
	{
		"name": "Hector Hardin",
		"email": "egestas@Nullam.edu"
	},
	{
		"name": "Byron Dickerson",
		"email": "sociis@Proinultrices.co.uk"
	},
	{
		"name": "Myles Workman",
		"email": "magnis.dis@odioPhasellusat.co.uk"
	},
	{
		"name": "Jerry Howard",
		"email": "tortor.nibh@sitamet.edu"
	},
	{
		"name": "Igor Chase",
		"email": "sagittis@gravida.edu"
	},
	{
		"name": "Aquila Mcclure",
		"email": "dictum@Phasellusinfelis.co.uk"
	},
	{
		"name": "John Hansen",
		"email": "ut@molestietellus.com"
	},
	{
		"name": "Forrest Goodwin",
		"email": "enim.nec.tempus@massalobortis.com"
	},
	{
		"name": "Griffin Lott",
		"email": "enim.Curabitur.massa@convalliserat.edu"
	},
	{
		"name": "Alec Cooke",
		"email": "dolor.quam.elementum@nonmassanon.org"
	},
	{
		"name": "Malcolm Howell",
		"email": "mauris.aliquam@pretium.ca"
	},
	{
		"name": "Xavier Huber",
		"email": "elit@eu.com"
	},
	{
		"name": "Mohammad Knowles",
		"email": "semper.pretium@ipsumnonarcu.org"
	},
	{
		"name": "Ferdinand Larson",
		"email": "feugiat.nec.diam@Proinvel.net"
	},
	{
		"name": "Omar Bradley",
		"email": "lectus@nisiCum.edu"
	},
	{
		"name": "Lucius Foster",
		"email": "Etiam.vestibulum.massa@etmalesuada.net"
	},
	{
		"name": "Abraham Payne",
		"email": "vestibulum.lorem@vitaerisus.ca"
	},
	{
		"name": "Rashad Hancock",
		"email": "dignissim.pharetra@elitpharetraut.org"
	},
	{
		"name": "Reece Waters",
		"email": "nulla.ante@scelerisqueloremipsum.edu"
	},
	{
		"name": "Hammett Nash",
		"email": "nisl.Quisque.fringilla@tristiquenequevenenatis.co.uk"
	},
	{
		"name": "Gregory Chan",
		"email": "mi.lorem.vehicula@ultricesposuere.org"
	},
	{
		"name": "Bert Massey",
		"email": "Proin.vel@quislectusNullam.co.uk"
	},
	{
		"name": "Prescott Mccall",
		"email": "at.velit@eueros.ca"
	},
	{
		"name": "Reed Hardy",
		"email": "viverra@sapiencursus.org"
	},
	{
		"name": "Gareth Kelley",
		"email": "Etiam@quismassa.co.uk"
	},
	{
		"name": "Keaton Freeman",
		"email": "mauris.erat.eget@ultricesDuis.ca"
	},
	{
		"name": "Felix Fletcher",
		"email": "Cum.sociis@miacmattis.com"
	},
	{
		"name": "Yardley Madden",
		"email": "orci.Ut.sagittis@ipsumnunc.org"
	},
	{
		"name": "Clayton Cabrera",
		"email": "non.lacinia@eratSednunc.co.uk"
	},
	{
		"name": "Burton Workman",
		"email": "Fusce@Uttinciduntorci.net"
	},
	{
		"name": "Jamal Clayton",
		"email": "fermentum.arcu@consectetuercursus.ca"
	},
	{
		"name": "Richard Mccray",
		"email": "at.lacus@Phasellusataugue.ca"
	},
	{
		"name": "Chester Olson",
		"email": "accumsan.neque@lobortistellusjusto.org"
	},
	{
		"name": "Cedric Ayala",
		"email": "leo@Duisat.edu"
	},
	{
		"name": "Fritz Thompson",
		"email": "ante@Vestibulumuteros.com"
	},
	{
		"name": "Duncan Cervantes",
		"email": "ut.lacus.Nulla@luctussitamet.edu"
	},
	{
		"name": "Rooney Coleman",
		"email": "elit@quamvel.co.uk"
	},
	{
		"name": "Brenden Hancock",
		"email": "semper@ullamcorpermagna.com"
	},
	{
		"name": "Lewis Stafford",
		"email": "augue.scelerisque.mollis@pretiumetrutrum.edu"
	},
	{
		"name": "Tanner Mccarty",
		"email": "dui.Fusce.aliquam@Proin.edu"
	},
	{
		"name": "Uriel Brennan",
		"email": "Mauris.nulla@Curabitur.net"
	},
	{
		"name": "Harding Long",
		"email": "cursus.a.enim@volutpat.org"
	},
	{
		"name": "Gray Klein",
		"email": "tempus.non.lacinia@dolor.org"
	},
	{
		"name": "Steven Barker",
		"email": "sit@mauris.net"
	},
	{
		"name": "Hunter Odonnell",
		"email": "tincidunt.neque@egetmetus.edu"
	},
	{
		"name": "Orson Key",
		"email": "ligula.Aenean@et.org"
	},
	{
		"name": "Nathan Conley",
		"email": "eu.tellus@mi.co.uk"
	},
	{
		"name": "Stuart Hewitt",
		"email": "euismod.et@in.ca"
	},
	{
		"name": "Zeus Young",
		"email": "et.nunc.Quisque@necorci.ca"
	},
	{
		"name": "Gareth Melendez",
		"email": "lorem.lorem@purusgravidasagittis.co.uk"
	},
	{
		"name": "Ray Hammond",
		"email": "ac@musProin.org"
	},
	{
		"name": "Logan King",
		"email": "ante@sedturpisnec.net"
	},
	{
		"name": "Cole Harper",
		"email": "Fusce.fermentum.fermentum@Nullafacilisis.co.uk"
	},
	{
		"name": "Emerson Wooten",
		"email": "pede@massaQuisqueporttitor.org"
	},
	{
		"name": "Murphy Gomez",
		"email": "ut.molestie@volutpatnunc.co.uk"
	},
	{
		"name": "Norman Cherry",
		"email": "massa@Nullasemper.co.uk"
	},
	{
		"name": "Hammett Wong",
		"email": "nascetur.ridiculus.mus@scelerisquesed.co.uk"
	},
	{
		"name": "Lester Aguilar",
		"email": "Pellentesque@magna.net"
	},
	{
		"name": "Garth Castaneda",
		"email": "Etiam.ligula@DonecfringillaDonec.co.uk"
	}
]